<?xml version="1.0" encoding="UTF-8"?>
<root>
  <item name="com.afollestad.materialdialogs.color.ColorChooserDialog com.afollestad.materialdialogs.color.ColorChooserDialog findVisible(android.support.v7.app.AppCompatActivity, java.lang.String) 1">
    <annotation name="android.support.annotation.StringDef">
      <val name="value" val="{com.afollestad.materialdialogs.color.ColorChooserDialog.TAG_PRIMARY, com.afollestad.materialdialogs.color.ColorChooserDialog.TAG_ACCENT, com.afollestad.materialdialogs.color.ColorChooserDialog.TAG_CUSTOM}" />
    </annotation>
  </item>
  <item name="com.afollestad.materialdialogs.color.ColorChooserDialog.ColorChooserTag">
    <annotation name="android.support.annotation.StringDef">
      <val name="value" val="{com.afollestad.materialdialogs.color.ColorChooserDialog.TAG_PRIMARY, com.afollestad.materialdialogs.color.ColorChooserDialog.TAG_ACCENT, com.afollestad.materialdialogs.color.ColorChooserDialog.TAG_CUSTOM}" />
    </annotation>
  </item>
</root>

